sample_id	start	end	extraction	context
1489475771743850497	121	127	CANCER	" #DIAMUNDIALCONTRAELCANCER
https://t.co/20U2Da"
1442761305954394112	95	104	Arritmias	"rtensi√≥n arterial
üî∏ Arritmias
üî∏ Anemia
üî∏ Hipertro"
1442761305954394112	116	139	Hipertrofia del coraz√≥n	"rritmias
üî∏ Anemia
üî∏ Hipertrofia del coraz√≥n
Descubre c√≥mo detec"
1442761305954394112	107	113	Anemia	"erial
üî∏ Arritmias
üî∏ Anemia
üî∏ Hipertrofia del c"
1442761305954394112	71	92	Hipertensi√≥n arterial	"ignos y s√≠ntomas:
üî∏ Hipertensi√≥n arterial
üî∏ Arritmias
üî∏ Anemi"
1325473745797050377	163	171	diabetes	la Directiva de Fenadiabetes. La inscripci√≥n es 
1485681751481413633	241	251	Tabaquismo	"repeso u obesidad
‚ñ™ Tabaquismo
.
@silviafbarrio 
üëá"
1485681751481413633	230	238	obesidad	"iasis
‚ñ™ Sobrepeso u obesidad
‚ñ™ Tabaquismo
.
@sil"
1448543242434273284	165	170	COVID	rto juvenil tras el COVID. No te lo pierdas h
1370017529884770304	246	255	psoriasis	"os.
dominic.urmston@psoriasis-association.org.uk "
1416050532037316610	162	170	diabetES	://t.co/j3lcYgQEcW #diabetESP #DM2 https://t.co/
1351936919626768388	140	142	EM	"EsclerosisM√∫ltiple #EMGregorioMara√±on


"
1489619736279326726	221	227	c√°ncer	"otivos del #c√°ncer
#c√°ncerday2022
#noalcopagof"
1374005428351295491	195	199	EPOC	(fibrosis pulmonar, EPOC, asma, hipertensi√≥n
1374005428351295491	150	176	fermedades respiratorias (	eficaces para las enfermedades respiratorias (fibrosis pulmonar, E
1374005428351295491	178	195	brosis pulmonar, 	es respiratorias (fibrosis pulmonar, EPOC, asma, hiperten
1298565865294700545	186	191	covid	og√≠a #pacientes #eracovid #COVID19 #enfermeda
1172145113784627200	107	116	epilepsia	udemos #crisis #rd #epilepsiamd https://t.co/exbC
1441206910649192452	56	66	tabaquismo	s por el h√°bito del tabaquismo causan cada a√±o mil
1475220011350474758	4	38	ipercolesterolemia heredofamiliar 	La Hipercolesterolemia heredofamiliar (FH) se caracteriza 
1324703847235858432	266	274	diabetES	"://t.co/ajJkUfJf4T
#diabetESP #DM1 https://t.co/"
1109044934500327424	138	148	Bronquitis	" Crisis Asm√°ticas
üåª Bronquitis
üåª Picaduras de inse"
1109044934500327424	84	100	Rinitis Al√©rgica	" de la primavera:
üåª Rinitis Al√©rgica
üåª Conjuntivitis
üåª C"
1109044934500327424	103	116	Conjuntivitis	" Rinitis Al√©rgica
üåª Conjuntivitis
üåª Crisis Asm√°ticas
"
1109044934500327424	119	135	Crisis Asm√°ticas	"a
üåª Conjuntivitis
üåª Crisis Asm√°ticas
üåª Bronquitis
üåª Pica"
1109044934500327424	151	172	Picaduras de insectos	"icas
üåª Bronquitis
üåª Picaduras de insectos
https://t.co/WTAfbW"
1417904475206037509	133	159	S√≠ndrome De Fatiga Cr√≥nica	omielitis Mi√°lgica/ S√≠ndrome De Fatiga Cr√≥nica.Fuera de Espa√±a nue
1417904475206037509	106	132	Enc√©falomielitis Mi√°lgica/	ros los enfermos de Enc√©falomielitis Mi√°lgica/ S√≠ndrome De Fatiga 
1452861250682109956	16	21	covid	A q no!!! Y postcovid-„Äã hipotiroidismo, h
1495073211108704258	269	277	diabetES	"a5kuksd

#diabetes #diabetESP https://t.co/QYh6F"
1314926991980793859	247	256	Alzheimer	 neurodegenerativas Alzheimer.#SalirdelaSombra ht
1314926991980793859	215	246	enfermedades neurodegenerativas	, ansiedad, etc., o enfermedades neurodegenerativas Alzheimer.#Salirdel
1246020483079946240	68	78	discafobia	"aMundialAutismo
stopdiscafobia
AnaSalasChacon http"
1451103816326254594	148	156	diabetES	diabeTIC #diabetes #diabetESP https://t.co/HvQrr
1446792630969450497	167	175	artrosis	ura. #LaartritisNOesartrosis. #Laartritisnoesuna
1446792630969450497	180	188	artritis	tisNOesartrosis. #Laartritisnoesunaenfermedaddev
1446792630969450497	155	163	artritis	s no tiene cura. #LaartritisNOesartrosis. #Laart
1369935981797838848	3	27	retinopat√≠a en #diabetES	La retinopat√≠a en #diabetESP tiene su origen en
1198944609692467205	182	198	trastorno ‚Äúpica‚Äù	entre por el suelo (trastorno ‚Äúpica‚Äù)Aplicamos todo lo q
1315906364095557632	37	51	a medicamentos	"njutivitis, alergia
a medicamentos, intolerancias... A"
1315906364095557632	29	36	alergia	"asma, conjutivitis, alergia
a medicamentos, int"
1440411769269198849	152	160	diabetES	r. @aarp #diabetes #diabetESP https://t.co/106UP
1494457900076617739	270	278	diabetES	"gbbXl3T

#diabetes #diabetESP https://t.co/8t9rR"
1265464330436390917	5	8	TEA	PictoTEA es una aplicacion p
1394675402241724424	211	216	ictus	"arte.
#mws_tgn #codiictusfilm #ictus #animaci"
1275783840833900544	250	258	diabetES	enen un referente. #diabetESP https://t.co/vxWdu
1350853192364470273	51	66	cancer de ri√±√≥n	asociaci√≥n obesidad-cancer de ri√±√≥n es que es independi
1350853192364470273	42	50	obesidad	 en esta asociaci√≥n obesidad-cancer de ri√±√≥n es 
1439548122619916288	122	143	Diabetic ketoacidosis	 en #diabetes tipo2 Diabetic ketoacidosis risk during the COV
1439548122619916288	107	121	diabetes tipo2	rprendentemente en #diabetes tipo2 Diabetic ketoacidos
1107948351302107136	25	38	endometriosis	fica campa√±a #thisisendometriosis, en la que las muje
1435157588946128899	242	249	autista	"les
-zzzzzzzzz 
#soyautista #autismo #Asperger "
1466152643798216705	119	175	cuadro completo de ‚Äòhomosexual-SK-infecci√≥n oportunista‚Äô	ue se trataba de un cuadro completo de ‚Äòhomosexual-SK-infecci√≥n oportunista‚Äô, del que ya se hab√≠
1380207378839257088	21	50	üÖêlergia a alimentos üÖ•egetales	"AVEx
üÖìi√°logos sobre üÖêlergia a alimentos üÖ•egetales desde üÖîüÖßtremadura.
"
1494618998645870594	145	157	piediabetico	ab√©tico #23‚Äù #traselpiediabetico #covid #covid19 htt
1440230576514949130	141	149	diabetES	d. @aarp #diabetes #diabetESP https://t.co/9ot9n
1427163420747571201	155	163	diabetES	://t.co/v7DRmQjbir #diabetESP #DM2 https://t.co/
1436707789800411143	255	297	#FelizSabadoATodos https://t.co/C5MqZ5ipRu	" #educacionespecial #FelizSabadoATodos https://t.co/C5MqZ5ipRu





"
1436707789800411143	217	235	#educacionprimaria	"s://t.co/fNT5VbhDgA
#educacionprimaria #educacionespecial "
1436707789800411143	236	254	#educacionespecial	"
#educacionprimaria #educacionespecial #FelizSabadoATodos "
1431649530081157125	218	230	piediabetico	"o/pK8gJT1PCG
#traselpiediabetico


"
1491091504152322049	189	195	C√°ncer	"ermedad precoz""
#RevC√°ncer22 #RevisionesEnCanc"
1135907458768101378	265	277	fibromialgia	"depresi√≥n. #vivirconfibromialgia


"
1112706924640915462	231	244	fatigacronica	ivirconfibromialgiayfatigacronica https://t.co/HDrpIk
1112706924640915462	218	230	fibromialgia	romialgia. #vivirconfibromialgiayfatigacronica https
1389238171804782595	63	69	cancer	"sicooncologia
#dolorcancer https://t.co/cdGhk7"
1468913075948511233	221	233	piediabetico	o/xMqNdRc14p #traselpiediabetico https://t.co/UDN8Pr
1255255786336518147	19	27	Duchenne	"RECORDATARIO: 
CureDuchenne‚ÄØCares‚ÄØpresenta‚ÄØun‚ÄØe"
1341797811935973376	257	265	diabetes	"andocondiabetes #quediabetesnontepare


"
1496214937638735879	84	94	tabaquismo	bolia provocada por tabaquismo y alcoholismo. Lo q
1496214937638735879	97	108	alcoholismo	da por tabaquismo y alcoholismo. Lo que pasa es que
1448564217691484161	134	143	trombosis	IamtHTDU #d√≠amundialtrombosis #trombo #CordobaEsp
1494892006522466305	264	272	diabetES	"yQwGinP

#diabetes #diabetESP https://t.co/bveTx"
1266241038772875264	156	164	anorexia	nge‚Äã.‚Äãorg/tratemoslaanorexia @jesusraguirre @sal
1299621177992900608	49	68	Trombosis post TAVI	"s
@LarsSondergaard 
Trombosis post TAVI
üö©Trombosis clinica:"
1299621177992900608	70	79	Trombosis	"rombosis post TAVI
üö©Trombosis clinica: La mayor√≠a"
1448386820279054346	92	103	Inflamaci√≥n	"al
Estr√©s oxidativo
Inflamaci√≥n 
Trombosis 
Disfunc"
1448386820279054346	75	91	Estr√©s oxidativo	"vaci√≥n neurohumoral
Estr√©s oxidativo
Inflamaci√≥n 
Trombo"
1448386820279054346	105	114	Trombosis	"dativo
Inflamaci√≥n 
Trombosis 
Disfunci√≥n endotel"
1400077626698616836	205	208	VIH	realizamos tests de VIH Hepatitis B y S√≠fil
1400077626698616836	209	220	Hepatitis B	"izamos tests de VIH Hepatitis B y S√≠filis. 
Junto a"
1443563693866983427	160	168	diabetES	os tus dudas  #DM2 #diabetESP #vacaciones https:
1396737738318155778	258	267	epilepsia	"o/8fOerxWpoJ  
@fedeepilepsia @SEEPilepsia https:"
1396737738318155778	271	280	EPilepsia	" 
@fedeepilepsia @SEEPilepsia https://t.co/qugm67"
1396737738318155778	169	177	Epilepsi	la Dra Mar Carre√±o @Epilepsibcn y @pau_inspirafi
1457031272262373378	257	269	piediabetico	"o/N8HUZrcsVl #traselpiediabetico


"
1349822957825224705	271	279	suicidio	 para #prevenci√≥ndelsuicidio https://t.co/ONejyo
1478080164059828225	193	199	herpes	"on-.
Covid- gripe y herpes
Fluronpes pr√≥ximame"
1478080164059828225	200	209	Fluronpes	"vid- gripe y herpes
Fluronpes pr√≥ximamente en los"
1478080164059828225	178	183	Covid	"ndose - Iron√≠a on-.
Covid- gripe y herpes
Flu"
1308885368234741761	242	250	suicidio	"cidio #prevenciondelsuicidio





"
1171462734875000838	190	199	epilepsia	udemos #crisis #rd #epilepsiamd en Cedimat https:
1400259743072071680	89	95	dravet	"sia #juntosvivimoseldravet
#C√âSARANDR√âS 
https"
1255180036719677440	62	67	COVID	nte operaciones ICO-COVID para ajustar la liq
1475911414166573058	164	181	Obesidad primaria	"na gran divisi√≥n...
Obesidad primaria
Obesidad secundaria"
1475911414166573058	182	201	Obesidad secundaria	".
Obesidad primaria
Obesidad secundaria
Lo mismo pasa con L"
1337139179617185794	102	110	diabetes	tes #diabetestipo1 #diabetesbien #lowcarb #keto 
1463900032143269889	101	109	Artritis	estra delegaci√≥n ConArtritis-Fuenlabrada, en nue
1442916276435701761	227	234	autista	"tuallyAutistic 
#soyautista


"
1169591613267554304	200	225	cardiopat√≠as isqu√©micas üëá	"rrames cerebrales y cardiopat√≠as isqu√©micas üëá
https://t.co/Fhp3rC"
1496171191744315401	36	40	asma	"PULMONARES ü´Å
Atopia-asma: causa m√°s frecuent"
1496171191744315401	29	35	Atopia	"FILIAS PULMONARES ü´Å
Atopia-asma: causa m√°s fre"
1367211569134723074	194	197	BPD	"RSONALITY DISORDER
#BPD 
#TLP


"
1367211569134723074	199	203	#TLP	"LITY DISORDER
#BPD 
#TLP


"
1367211569134723074	125	160	TRASTORNO LIMITE DE LA PERSONALIDAD	"n estos episodios. 
TRASTORNO LIMITE DE LA PERSONALIDAD
BORDERLINE PERSONAL"
1367211569134723074	200	203	TLP	"ITY DISORDER
#BPD 
#TLP


"
1367211569134723074	161	192	BORDERLINE PERSONALITY DISORDER	" DE LA PERSONALIDAD
BORDERLINE PERSONALITY DISORDER
#BPD 
#TLP


"
1330854014100131841	218	225	COVID19	"v
#PacienteConectadoCOVID19
#GigasSolidarios
@f"
1442455496275886086	196	208	espondilitis	"itis #espondilitis
#espondilitisespa√±a #espondilitis"
1245733549816324098	87	97	discafobia	"IA para ELENA!!
stopdiscafobia
#detidepende
#DiaMu"
1245733549816324098	125	132	Autismo	"pende
#DiaMundialdelAutismo
#COVID19
#TEA
AnaSa"
1245733549816324098	133	141	#COVID19	"iaMundialdelAutismo
#COVID19
#TEA
AnaSalasChacon"
1440366473650663429	153	161	diabetES	d. @aarp #diabetes #diabetESP https://t.co/o9KIB
1470328810960789506	33	46	tuberculosis‚Ä¶	"umon√≠a, meningitis, tuberculosis‚Ä¶ y Covid-19
https://"
1227082149377036289	45	61	c√°ncer de pulm√≥n	entes fumadores con c√°ncer de pulm√≥n somos capaces de en
1196582158640529408	182	190	glaucoma	"/Env0TCMKSX
#queeselglaucoma #glaucoma #presioni"
1427177914685083649	49	57	ansiedad	 de mi oido derecho ansiedad ten una hernia lumb
1427177914685083649	66	79	hernia lumbar	ho ansiedad ten una hernia lumbar problema de sue√±o n
1427177914685083649	80	97	problema de sue√±o	n una hernia lumbar problema de sue√±o necesito ayuda para
1427177914685083649	10	48	perdida de audici√≥n de mi oido derecho	√áardiaca, perdida de audici√≥n de mi oido derecho ansiedad ten una he
1416002118935252996	146	152	-Ellas	"-Evoluci√≥n y c√°ncer
-Ellas en ciencia
-Dietas "
1416002118935252996	139	145	c√°ncer	"genoma
-Evoluci√≥n y c√°ncer
-Ellas en ciencia
-"
1493256119711584262	223	233	Epilepsia‚Å©	ngeliniFarmaES‚Å© ‚Å¶@SEEpilepsia‚Å© ‚Å¶ https://t.co/8aMw
1493256119711584262	189	198	epilepsia	"a #epilepsia 
‚Å¶@fedeepilepsia‚Å© ‚Å¶@AngeliniFarmaES‚Å©"
1332204326207557632	208	215	sjogren	 musculares, etc @aesjogren @SEReumatologia @GE
1276079075770224642	177	185	diabetES	"o  en nuestro blog #diabetESP #diabetestipo2
üëáüëáüëá"
1380838940320669700	197	204	COVID19	ueridos para #VacunaCOVID19 https://t.co/VR9Gf0
1110143010405261312	104	112	DiabetES	tis y mi diabetes. #DiabetESP  #diabetes  https:
1453287532305780748	195	198	DAH	entes con TDAH (AFNADAH) @AfnadahG @afnadah
1453287532305780748	205	208	dah	TDAH (AFNADAH) @AfnadahG @afnadah https://t
1453287532305780748	215	218	dah	DAH) @AfnadahG @afnadah https://t.co/2Q4EAX
1287136396231221250	108	132	met√°stasis en  el h√≠gado	√°ncer de pulm√≥n con met√°stasis en  el h√≠gado y tan fresca  .. ht
1252661937978122240	193	203	leucemia üò£	"del autismo y de la leucemia üò£
No comparto el v√≠de"
1311960887721439232	51	59	diabetes	lema cuando tienes #diabetesp. Te ense√±amos a id
1155488099172061187	229	247	hepatitis virales‚Äù	ratar. Eliminar las hepatitis virales‚Äù. #D√≠aMundialHepatit
1262117448322551809	99	108	epilepsia	"federacionespa√±oladeepilepsia
@facedeguerrerospur"
1456914782863470593	122	128	Reuma‚Å©	congreso ‚Å¶@SMurcianaReuma‚Å© https://t.co/cRvKbl
1477547576232759300	223	243	Esclerosis Sist√©mica	" Autoinflamatorias
‚úÖEsclerosis Sist√©mica
‚úÖCOVID-19
... y muc"
1477547576232759300	179	189	Vasculitis	"
‚úÖLupus
‚úÖMiopat√≠as
‚úÖVasculitis
‚úÖEnfermedades Autoi"
1477547576232759300	191	221	Enfermedades Autoinflamatorias	"pat√≠as
‚úÖVasculitis
‚úÖEnfermedades Autoinflamatorias
‚úÖEsclerosis Sist√©mi"
1477547576232759300	168	177	Miopat√≠as	".
Accede a:
‚úÖLupus
‚úÖMiopat√≠as
‚úÖVasculitis
‚úÖEnferm"
1477547576232759300	161	166	Lupus	"r temas.
Accede a:
‚úÖLupus
‚úÖMiopat√≠as
‚úÖVasculi"
1477547576232759300	245	253	COVID-19	"clerosis Sist√©mica
‚úÖCOVID-19
... y mucho MAS! ht"
1125042869788655619	58	62	TEPT	"str√©s Postraum√°tico TEPT"" ... Espero que sea"
1125042869788655619	110	143	Trastorno de Estr√©s Postraum√°tico	"nter√©s ....
06   El Trastorno de Estr√©s Postraum√°tico TEPT https://t.co/Q"
1125042869788655619	144	148	TEPT	str√©s Postraum√°tico TEPT https://t.co/QYu4iM
1125042869788655619	24	57	Trastorno de Estr√©s Postraum√°tico	"emos de ...... ""Del Trastorno de Estr√©s Postraum√°tico TEPT"" ... Espero qu"
1320755189360545792	118	123	covid	peque√±a parte ‚Äúfree-covid‚Äù o m√°s bien sala de
1329113963683078145	123	142	S√≠ndrome de Burnout	"Estr√©s y ansiedad
üî¥ S√≠ndrome de Burnout 
üî¥ Normalizaci√≥n de"
1329113963683078145	112	120	ansiedad	"igualdad
üî¥ Estr√©s y ansiedad
üî¥ S√≠ndrome de Burno"
1256624252528340993	47	74	TUMORES BENIGNOS DE LA PIEL	"://t.co/HCmaL2fAXM: TUMORES BENIGNOS DE LA PIEL
Queratosis seborrei"
1256624252528340993	75	97	Queratosis seborreicas	"BENIGNOS DE LA PIEL
Queratosis seborreicas, quistes, queloides"
1327199941626912769	264	272	diabetES	"betes gestacional.
#diabetESP https://t.co/4dRj9"
1461008123347537935	154	162	c√°ncer üëá	"o para este tipo de c√°ncer üëá
#LoQueNoPuedeEspera"
1491324366205820929	185	192	OVID19 	palizar #SARSCoV2 #COVID19 #Coronavirus #CovidP
1448564764221784066	98	122	Tromboembolismo Pulmonar	mos el C√≥digo TEP ‚Äì Tromboembolismo Pulmonar -  que posibilitar√°
1448564764221784066	92	95	TEP	plantamos el C√≥digo TEP ‚Äì Tromboembolismo P
1222477696548122625	228	237	epilepsia	"apoyo. #visibilizalaepilepsia #epilepsia
üëâhttps:/"
1303846586997374977	27	59	-Enfermedad cr√≥nico degenerativa	"nsi√≥n Arterial-HTAüíö
-Enfermedad cr√≥nico degenerativa caracterizada por e"
1303846586997374977	22	25	HTA	"pertensi√≥n Arterial-HTAüíö
-Enfermedad cr√≥nic"
1303846586997374977	0	21	Hipertensi√≥n Arterial	"Hipertensi√≥n Arterial-HTAüíö
-Enfermedad cr"
1494091748167102466	270	278	diabetES	"W0OzKNo

#diabetes #diabetESP https://t.co/xRRLI"
1381874434668171272	118	129	Sarcoidosis	"spana
#Sarcoidosis
#Sarcoidosisawareness
#Enfermeda"
1251173787527196673	60	70	hemophilia	tor Ejecutivo de @wfhemophilia, el entusiasmo que 
1462075507906953225	104	140	tuberculosis (pulmonar-extrapulmonar	ulmonar. Cl√≠nica de tuberculosis (pulmonar-extrapulmonar- poblaciones especi
1462075507906953225	165	170	COVID	"laciones especiales-COVID- tuberculosis)
Pone"
1130940693789196288	199	222	nfecciones recurrentes.	" pacientes padecen infecciones recurrentes.
https://t.co/lwS67i"
1130940693789196288	4	36	nfermedad Granulomatosa Cr√≥nica 	La Enfermedad Granulomatosa Cr√≥nica es una inmunodeficie
1130940693789196288	44	61	nmunodeficiencia 	osa Cr√≥nica es una inmunodeficiencia en la que los fagoci
1371027960900239361	128	137	Psoriasis	"Ô∏è en pacientes con #Psoriasis
‚û°Ô∏èEspero que sea de"
1371027960900239361	138	146	‚û°Ô∏èEspero	"ntes con #Psoriasis
‚û°Ô∏èEspero que sea de utilidad"
1446074198959472640	31	35	epoc	cientes de EPOC (@apepoc_es) ya no pueden m√°
1334246033635893249	16	19	ùóîùóñùó©	¬°STREAMING! El #ùóîùóñùó© no tuvo cuarentena.
1353796643439697921	173	181	obesidad	sonas con sobrepeso-obesidad tienen mayor desven
1451221615459643397	237	246	cataratas	ojos# vista #salud #cataratas #cuidate https://t.
1462877038503727108	106	121	Calcificaciones	"es como... 
      üèπ Calcificaciones
      üèπ Miositis os"
1462877038503727108	158	183	Trombosis venosa profunda	" osificante
      üèπ Trombosis venosa profunda


"
1462877038503727108	130	149	Miositis osificante	"ificaciones
      üèπ Miositis osificante
      üèπ Trombosis v"
1245021749596631044	7	15	Diabetes	#TuiteaDiabetesCOVID19 ¬øcomo afecta
1245021749596631044	15	22	COVID19	#TuiteaDiabetesCOVID19 ¬øcomo afecta realme
1326902081282826245	14	19	COVID	Nomeamos PLAN COVID-SA√ëA ao novo ‚ÄúPlan 
1378044645586964489	58	65	autismo	mos las #piezasporelautismo de alumnos de 1¬∫ESO
1475875946989330432	119	132	squizofrenia,	s mentales como la esquizofrenia, trastornos alimenti
1475875946989330432	134	157	rastornos alimenticios 	 la esquizofrenia, trastornos alimenticios y la artritis reumat
1475875946989330432	163	182	rtritis reumatoide 	 alimenticios y la artritis reumatoide se deben a nuestra h
1475875946989330432	91	110	rastornos mentales 	ol malo en sangre, trastornos mentales como la esquizofreni
1190566988705411072	152	160	obesidad	" 
#BPSO 
#prevencionobesidad 
@BpsoAraba @OSIAra"
1495205330678132742	270	278	diabetES	"9Z9TmeX

#diabetes #diabetESP https://t.co/H8TEe"
1151857529724575746	75	84	epilepsia	"udemos #crisis #rd #epilepsiamd 
CEDIAH, ubicado "
1272829026923696129	58	67	Sinusitis	"‚úÖ El #Bruxismo
‚úÖ La Sinusitis
‚úÖ ATM (Trastornos e"
1272829026923696129	70	73	ATM	"mo
‚úÖ La Sinusitis
‚úÖ ATM (Trastornos en la a"
1493423589672079361	189	197	diabetES	"d75Fe2A

#diabetes #diabetESP https://t.co/RCgGP"
1333393344739876865	128	135	COVID19	" Covid-19!
#PrevenirCOVID19 #iniciodesemana #Fe"
1123561027520438272	140	149	epilepsia	udemos #crisis #rd #epilepsiamd en Santo Domingo,
1357189697043316738	131	136	Covid	"xl4H
#NoLeCreo
#AmloCovidiota 
#NiUnVotoAMORE"
1422567342769418240	128	133	COVID	"R EN UN CONTEXTO DE COVID-POST-COVID.¬†
EL FOC"
1422567342769418240	139	144	COVID	"TEXTO DE COVID-POST-COVID.¬†
EL FOCO TAMBI√âN T"
1365442031363964928	156	173	#ObesidadInfantil	"COVID19. 
#Obesidad #ObesidadInfantil 
#Alimentaci√≥nSalud"
1365442031363964928	147	155	Obesidad	"poca de #COVID19. 
#Obesidad #ObesidadInfantil 
"
1386968579296403457	256	272	fibrosisqu√≠stica	ica #d√≠anacionaldelafibrosisqu√≠stica https://t.co/kB4WT9
1479431585468489729	173	260	culebrilla‚Äù ) en el lado izquierdo de la cara , afect√°ndome  al o√≠do izquierdo y al ojo	"erpes zooster ( ‚Äúla culebrilla‚Äù ) en el lado izquierdo de la cara , afect√°ndome  al o√≠do izquierdo y al ojo izquierdo ..


"
1494688179714248706	270	278	diabetES	"OD7GKQh

#diabetes #diabetESP https://t.co/BAF9D"
1279066271372492800	189	196	COVID19	"ada
#RecomendacionesCOVID19 https://t.co/WZSXv3"
1493374513828016132	270	278	diabetES	"TrmPU2U

#diabetes #diabetESP https://t.co/mOfuk"
1384487598543065088	48	55	COVID19	"mb√≥lico con #VacunasCOVID19 
üëâüèªMuch√≠simo menor "
1494601356241514496	186	194	diabetES	"As58BHq

#diabetes #diabetESP https://t.co/x0g03"
1352986017230422018	245	254	demenciaüòä	"ro cognitivo leve y demenciaüòä
Buen finde üôå


"
1407041169536733188	61	68	autista	"t.co/jwCPDCTtHh
#soyautista #autismo https://t."
1494669290003386369	267	275	diabetES	"Wsv2xGf

#diabetes #diabetESP https://t.co/e3e54"
1388107020159569921	87	94	COVID19	"ID19 #Crisis
#VacunaCOVID19
@ftaadcee_ab @uclm_"
1253740705312366593	213	222	sexolicos	"rsonales. Ayuda en: sexolicosanonimos
https://t.c"
1304631952927002631	131	142	tabaquisimo	"to en el consumo de tabaquisimo y alcohol.
De acuer"
1176051323265003520	67	71	DMAE	 Asociada a la Edad DMAE? https://t.co/1IFrq
1176051323265003520	27	66	Degeneraci√≥n Macular Asociada a la Edad	√© una persona tiene Degeneraci√≥n Macular Asociada a la Edad DMAE? https://t.co/
1440321174605496341	140	148	diabetES	r. @aarp #diabetes #diabetESP https://t.co/rkL3u
1378864101695221761	104	123	Sangrado por uremia	"ditis o pleuritis
‚úÖ Sangrado por uremia
‚úÖ Sobrecarga de vol"
1378864101695221761	174	197	Hipertensi√≥n resistente	"ente a diur√©ticos
‚úÖ Hipertensi√≥n resistente a f√°rmacos


"
1378864101695221761	126	171	Sobrecarga de volumen resistente a diur√©ticos	"ngrado por uremia
‚úÖ Sobrecarga de volumen resistente a diur√©ticos
‚úÖ Hipertensi√≥n resi"
1378864101695221761	40	74	Encefalopat√≠a o neuropat√≠a ur√©mica	"isis en #CKD #ERC
‚úÖ Encefalopat√≠a o neuropat√≠a ur√©mica
‚úÖ Pericarditis o pl"
1378864101695221761	92	101	pleuritis	"ca
‚úÖ Pericarditis o pleuritis
‚úÖ Sangrado por urem"
1378864101695221761	34	37	ERC	"e di√°lisis en #CKD #ERC
‚úÖ Encefalopat√≠a o n"
1378864101695221761	77	89	Pericarditis	"europat√≠a ur√©mica
‚úÖ Pericarditis o pleuritis
‚úÖ Sangr"
1385513796677083136	173	181	diabetES	esCardiovasculares #diabetESP #DM2 #DiabetesGest
1230896319851569154	225	231	c√°ncer	ngresodepacientesconc√°nceryfamiliares AsturC√°n
1201531563500081153	163	170	migra√±a	"la ciudad. #Dominatumigra√±a





"
1234923253300441089	17	28	ESCLEROSIS‚Ä¶	ASMAS, ALERGIAS, ESCLEROSIS‚Ä¶ ¬øPor qu√© nuestro si
1349375676747538434	183	191	obesidad	tr√°s de la relaci√≥n obesidad-c√°ncer-envejecimien
1349375676747538434	192	198	c√°ncer	a relaci√≥n obesidad-c√°ncer-envejecimiento, per
1144065562240327681	248	262	cancerdepulm√≥n	" esto significa. #Elcancerdepulm√≥nimporta


"
1361783346171240448	173	176	AME	" raras
#NoEstanSolosAMEH, #RareDisease http"
1479301787253362690	270	278	diabetES	"y5T7seu

#diabetes #diabetESP https://t.co/9E3Cd"
1302658159794884609	260	272	fibromialgia	" complicado. #BlogDefibromialgia


"
1450033924651077635	226	238	espondilitis	itis #espondilitis #espondilitisespa√±a #D√≠aNacionalD
1190668553470513155	255	274	hemiparesiainfantil	ones #corriendoporlahemiparesiainfantil https://t.co/PMXccb
1448006061026279428	47	55	artritis	" ü§ö
‚Ä¢‚Ä¢‚Ä¢‚Ä¢‚Ä¢
#diamundialartritis #artritis #discapac"
1493257618034417664	142	150	Obesidad	" c√°ncer colorrectal
Obesidad e higado graso
Obes"
1493257618034417664	123	141	c√°ncer colorrectal	" D, epigen√©tica del c√°ncer colorrectal
Obesidad e higado g"
1493257618034417664	153	165	higado graso	"orrectal
Obesidad e higado graso
Obesidad y cirug√≠a "
1493257618034417664	166	174	Obesidad	"idad e higado graso
Obesidad y cirug√≠a bariatric"
1350482703653740545	61	68	COVID19	 a  Vacunar  #VacunaCOVID19  a los residentes d
1495850574960599054	230	242	piediabetico	o/gA198nKVt8 #traselpiediabetico https://t.co/uJk3Ey
1493759564340252672	268	276	diabetES	"K3ppUMp

#diabetes #diabetESP https://t.co/msPJw"
1493619877294268416	264	272	diabetES	"bHjfIdL

#diabetes #diabetESP https://t.co/vIOhI"
1493340538996670465	270	278	diabetES	"yVccpX1

#diabetes #diabetESP https://t.co/4MWKo"
1318500597172154368	41	49	DIABETES	ta directiva de FENADIABETES por su gentil invit
1477373165181538308	246	251	asmas	cer papiloma humano asmas alergias @omarmaluk
1477373165181538308	223	229	cancer	 leucemias diabetes cancer papiloma humano asm
1477373165181538308	200	203	vih	controlamos curamos vih leucemias diabetes 
1477373165181538308	214	222	diabetes	ramos vih leucemias diabetes cancer papiloma hum
1477373165181538308	252	260	alergias	piloma humano asmas alergias @omarmaluk https://
1477373165181538308	204	213	leucemias	rolamos curamos vih leucemias diabetes cancer pap
1187629488085049349	101	136	enfermedades inflamatorias biliares	hacer visibles tres enfermedades inflamatorias biliares CBP, CEP y HA, y HA
1187629488085049349	137	140	CBP	lamatorias biliares CBP, CEP y HA, y HAI. √Å
1415280344153079808	7	14	COVID19	#VacunaCOVID19 y S√≠ndrome de #Guil
1367458553628401670	183	190	COVID19	"A
#Asperger
#VacunasCOVID19 https://t.co/nHhe8K"
1458958338721419281	191	207	covidpersistente	lo que nos lleva a #covidpersistentechile dejan2 s√≠ntoma
1496448915134111744	107	119	Paraplejicos	"üñäÔ∏è@lobera_marta 
@HNParaplejicos #15a√±osdeInfom√©dula"
1427891767865749504	246	258	piediabetico	"o/piB8ZvS3OC #traselpiediabetico


"
1476929152821432323	224	238	enfermedades üíâ	uberculosis y otras enfermedades üíâüî¨ https://t.co/RAkM6
1407344797057228801	122	130	diabetES	diabeTIC #diabetes #diabetESP #dragonball #freez
1480965068892295169	125	130	covid	ci√≥n entre dengue y covid. Ya estamos en √©poc
1480965068892295169	116	122	dengue	ble infecci√≥n entre dengue y covid. Ya estamos
1480965068892295169	53	58	covid	omitante de gripe y covid, pero lo que a m√≠ p
1480965068892295169	45	50	gripe	i√≥n concomitante de gripe y covid, pero lo qu
1495444232269705217	250	257	autista	"dyExLCDjM
#Autismo #autistasresponden #autista
"
1332802779908345857	126	133	Varices	"
Piernas hinchadas 
Varices
Hipertensi√≥n 
Osteo"
1332802779908345857	161	170	Cataratas	"nsi√≥n 
Osteoporosis
Cataratas
Artritis
Deficienci"
1332802779908345857	134	146	Hipertensi√≥n	" hinchadas 
Varices
Hipertensi√≥n 
Osteoporosis
Catar"
1332802779908345857	171	179	Artritis	"eoporosis
Cataratas
Artritis
Deficiencia de hier"
1332802779908345857	180	201	Deficiencia de hierro	"
Cataratas
Artritis
Deficiencia de hierro
#Insuficiencia Rena"
1332802779908345857	148	160	Osteoporosis	"rices
Hipertensi√≥n 
Osteoporosis
Cataratas
Artritis
"
1194921665416679424	252	260	diabetES	"ilada!
#dmd19 #dmd #diabetESP #diabetes #dm1 htt"
1496318418554925064	229	239	NeuroCOVID	"stornos del Sue√±o
‚ñ™Ô∏èNeuroCOVID
Convocatoria: https"
1496318418554925064	179	202	Enfermedad de Parkinson	"z
‚ñ™Ô∏èControl Motor
‚ñ™Ô∏èEnfermedad de Parkinson 
‚ñ™Ô∏èTrastornos del S"
1496318418554925064	206	226	Trastornos del Sue√±o	"dad de Parkinson 
‚ñ™Ô∏èTrastornos del Sue√±o
‚ñ™Ô∏èNeuroCOVID
Convoc"
1479437679813140481	270	278	diabetES	"3d51Kj7

#diabetes #diabetESP https://t.co/Msxf3"
1493110275075100675	269	277	diabetES	"Rsrrqal

#diabetes #diabetESP https://t.co/V4ZcE"
1371993856749629441	212	243	BORDERLINE PERSONALITY DISORDER	" DE LA PERSONALIDAD
BORDERLINE PERSONALITY DISORDER
#TLP 
#BPD


"
1371993856749629441	176	211	TRASTORNO LIMITE DE LA PERSONALIDAD	"e un par de horas. 
TRASTORNO LIMITE DE LA PERSONALIDAD
BORDERLINE PERSONAL"
1255988269864583168	139	165	Fatiga  precoz  y  cr√≥nica	"algia
Esclerodermia
Fatiga  precoz  y  cr√≥nica
Estr√©s  postraum√°ti"
1255988269864583168	125	138	Esclerodermia	"lmonar
Fibromialgia
Esclerodermia
Fatiga  precoz  y  "
1255988269864583168	200	225	Alteraciones  en la  piel	"um√°tico cronificado
Alteraciones  en la  piel  y  un largo etc.

"
1255988269864583168	166	199	Estr√©s  postraum√°tico cronificado	" precoz  y  cr√≥nica
Estr√©s  postraum√°tico cronificado
Alteraciones  en la"
1255988269864583168	28	31	s p	a√±os despu√©s seguimos padeciendo graves  se
1255988269864583168	112	124	Fibromialgia	"pertensi√≥n pulmonar
Fibromialgia
Esclerodermia
Fatig"
1255988269864583168	139	153	Fatiga  precoz	"algia
Esclerodermia
Fatiga  precoz  y  cr√≥nica
Estr√©s "
1255988269864583168	90	111	Hipertensi√≥n pulmonar	"s  graves  y raras:
Hipertensi√≥n pulmonar
Fibromialgia
Escler"
1450940445677207554	60	73	hipoglucemias	ento ansiedad a las hipoglucemias, al ver las cifras 
1339875274633211904	97	117	5:30am Obesa M√≥rbida	"rio 
4:40Am: covid 
5:30am Obesa M√≥rbida con Abdomen Agudo 
"
1339875274633211904	90	95	covid	"efractario 
4:40Am: covid 
5:30am Obesa M√≥rbi"
1350112914083086344	141	165	enfermedad de #Parkinson	"de las personas con enfermedad de #Parkinson
Neurologic manifest"
1350112914083086344	166	223	Neurologic manifestations of #COVID„Éº19 in people with #PD	"medad de #Parkinson
Neurologic manifestations of #COVID„Éº19 in people with #PD
üëâ https://t.co/HIaD"
1299040204486049794	30	38	COVID-19	 desde el grupo SAM-COVID-19 del que hemos forma
1492261921646649351	72	96	Enc√©falomelitis MIALGICA	entes, fibromialgia Enc√©falomelitis MIALGICA, Esclerosis M√∫ltipl
1492261921646649351	59	71	fibromialgia	"s"" poco frecuentes, fibromialgia Enc√©falomelitis MIA"
1443971719341821957	184	196	piediabetico	"/E3s9Y8GKG5 
#traselpiediabetico


"
1143702284641165313	203	211	artrosis	ombia. #tratamientosartrosis‚Ä¶ https://t.co/HYeR1
1136252488854712322	156	164	Dislexia	emas de aprendizaje Dislexia , crianza , autismo
1136252488854712322	131	155	problemas de aprendizaje	uctas y emociones , problemas de aprendizaje Dislexia , crianza 
1452319362795311110	270	277	COVID19	ebate #gripe #VacunaCOVID19 https://t.co/ForE6H
1441121445505953794	142	150	diabetES	TIMESNOW #diabetes #diabetESP https://t.co/4iCeF
1134825331637010434	124	133	depresion	a/diferencias-entre-depresion-y-ansiedad-no-te-co
1134825331637010434	136	144	ansiedad	s-entre-depresion-y-ansiedad-no-te-confundas-mas
1295445392985858049	18	26	diabetes	"#repost @tienda.yodiabetes
„Éª„Éª„Éª
TIENDA YO DIABE"
1486397473648254982	120	126	gripe‚Ä¶	umon√≠a, bronquitis, gripe‚Ä¶) y las descompensac
1476181571237466120	220	224	epoc	ientes con EPOC, @apepoc_es, nos encantar√≠a 
1493480207306706944	267	275	diabetES	"W5Rb14c

#diabetes #diabetESP https://t.co/lYHky"
1473298604903346178	130	140	cicatrices	" como cuidarnos
#lascicatricesnoduelen #trauma #em"
1375789358037540864	222	225	TLP	est√° ayudando, @AMAITLP (con la ayuda econ√≥
1136629576501780480	77	86	epilepsia	"udemos #crisis #rd #epilepsiamd 
Para programar u"
1440279641244135424	188	198	Alzheimer¬†	"con una persona con Alzheimer¬†de la @fpmaragall
üëâh"
1477694293343154183	73	78	gripe	"ea de coronavirus y gripe: Flurona
A veces pa"
1448578393100927001	155	163	diabetES	"//t.co/hTnHyaFVk9
 #diabetESP #DM2 #telemedicina"
1459251686938071041	5	44	enfermedad pulmonar obstructiva cr√≥nica	EPOC enfermedad pulmonar obstructiva cr√≥nica. Enfermedad preveni
1459251686938071041	0	4	EPOC	EPOC enfermedad pulmonar
1448174103559655424	251	260	alzheimer	"r #ceroomisionesceroalzheimer


"
1384449490011164672	217	230	dolor cr√≥nico	brepeso-inmovilidad-dolor cr√≥nico-opioides üîÑ https://
1426246604173021195	68	80	Hipertensi√≥n	"es
Diabetes tipo II
Hipertensi√≥n
Me vacune del COVID"
1426246604173021195	51	67	Diabetes tipo II	"on inmunodepresores
Diabetes tipo II
Hipertensi√≥n
Me vac"
1150115522006212609	30	48	Sinisa #Mihajlovic	"Italiano en shock ‚Ä¶
Sinisa #Mihajlovic (50) anuncia tener "
1150115522006212609	22	29	shock ‚Ä¶	" F√∫tbol Italiano en shock ‚Ä¶
Sinisa #Mihajlovic "
1419132396918788097	131	150	-Trombosis pulmonar	"ausa microtrombosis
-Trombosis pulmonar causa hipoxia despr"
1419132396918788097	116	130	microtrombosis	"elial directa causa microtrombosis
-Trombosis pulmonar"
1286393729625006080	245	247	fq	"movido. S√≠ a la #leyfq #Fibrosisquistica

"
1365974971336388611	151	162	raredisease	"entes. 
@FEDER_ONG
@rarediseaseday
#RareDiseaseDay
"
1365974971336388611	198	215	enfermedadesraras	"Day
#diamundialdelasenfermedadesraras
https://t.co/0VBbO1"
1449262758411841539	88	102	c√°ncer de mama	"s de la terapia del c√°ncer de mama?
Os dejo un art√≠cul"
1449262758411841539	181	187	cancer	niciativa #juntosxelcancer este a√±o por el c√°n
1374679565747036161	215	223	diabetES	"s.
[Sigue leyendo]
#diabetESP https://t.co/fW9v5"
1226587309363036160	121	130	epilepsia	dravet @naibcn @fedeepilepsia @mar_de_somnis por 
1319251876165177344	219	225	√°ncer 	ntos tipos de este c√°ncer que existen @redacci
1319251876165177344	4	18	√°ncer de mama 	El c√°ncer de mama presenta una gran in
1185202732526985216	139	147	artritis	"emas.
#artritis
#conartritis
#PacienteActivo htt"
1474179586728595458	40	49	infecci√≥n	 mayor riesgo de re-infecci√≥n en pacientes que pa
1260135610293137408	233	236	ERC	"i√°lisis 
#EnfermerasERCA
https://t.co/bNZc8"
1094167703160524801	232	238	c√°ncer	cia  #unidoscontraelc√°ncer #CongresoCVaecc htt
1494382407398662147	266	274	diabetES	"T3CzWnV

#diabetes #diabetESP https://t.co/KqX4H"
1367540383425691651	156	161	Covid	 iso neste #8MmaliaACovid reclamamos perspect
1140729314780110848	203	211	celiacos	ingluten #celiacos #celiacoslaspalmas #celiacosf
1140729314780110848	222	230	celiacos	#celiacoslaspalmas #celiacosfuerteventura #glute
1473812805530836997	129	136	autismo	oyAutista #burnout #autismofemenino https://t.c
1497313274718789637	218	245	linfoma de c√©lulas grandes‚Äù	del tratamiento del linfoma de c√©lulas grandes‚Äù. Es un placer parti
1307293336143884290	32	45	da√±o nervioso	flamaci√≥n cerebral, da√±o nervioso y ACV relacionados 
1307293336143884290	10	31	inflamaci√≥n cerebral,	Delirium, inflamaci√≥n cerebral, da√±o nervioso y ACV
1446566064456798209	182	188	hernia	"ü©∫
#hernia #cirug√≠adehernia #cirujanoscdmx http"
1495126057049108489	268	276	diabetES	"YYt2mpT

#diabetes #diabetESP https://t.co/7r1YF"
1488184475007782915	223	245	Exodoncia de incisivos	"itis cr√≥nica felina
Exodoncia de incisivos por deformidad de l"
1488184475007782915	200	222	Rinitis cr√≥nica felina	"a leucemia
Castrado
Rinitis cr√≥nica felina
Exodoncia de incisi"
1372189336070946821	43	48	lupus	medades autoinmunes lupus, Artritis reumatoid
1372189336070946821	18	42	enfermedades autoinmunes	Los pacientes con enfermedades autoinmunes lupus, Artritis reu
1331566208731254787	146	154	diabetES	"iabetes?
#diabetes #diabetESP #diabetestipo2


"
1496474926332592129	107	121	Nail psoriasis	"oriasis en las u√±as
Nail psoriasis
https://t.co/AokeVP"
1496474926332592129	68	84	Psoriasi ungueal	"a fungal infection!
Psoriasi ungueal
Psoriasis en las u√±"
1496474926332592129	85	106	Psoriasis en las u√±as	"n!
Psoriasi ungueal
Psoriasis en las u√±as
Nail psoriasis
http"
1237099243514613766	47	80	intolerancia- alergia alimentaria	"ectan una Celiaquia-intolerancia- alergia alimentaria:
Cada a√±o se detect"
1237099243514613766	37	46	Celiaquia	ndo te detectan una Celiaquia-intolerancia- alerg
1496836073338511364	269	277	diabetES	"DcH9W0Z

#diabetes #diabetESP https://t.co/BEp7R"
1486398523260162050	96	102	gripe‚Ä¶	umon√≠a, bronquitis, gripe‚Ä¶) y las patolog√≠as c
1262430108842950656	5	20	Diabetes tipo 2	"HTA 
Diabetes tipo 2 en hiperglicemia
Ma"
1262430108842950656	24	37	hiperglicemia	"
Diabetes tipo 2 en hiperglicemia
Malaria por plasmod"
1262430108842950656	0	3	HTA	"HTA 
Diabetes tipo 2 en"
1262430108842950656	38	66	Malaria por plasmodium vivax	" 2 en hiperglicemia
Malaria por plasmodium vivax
Caso de covid 19 mo"
1404741254764707841	240	249	diabeteES	"://t.co/pX5mKT8mCS
#diabeteESP #COVID19 https://t"
1382464490713665552	192	197	covid	 los pacientes post-covid es vital. Mi entrev
1451140607468998663	87	96	epilepsia	"ita en personas con epilepsia. 
No hay explicaci√≥"
1455944372059615232	207	219	fibromialgia	"de migra√±a.  #BlogDefibromialgia


"
1311699036999749633	224	232	diabetES	"troles perfectos üí™ #diabetESP


"
1422620733872775171	157	160	TEA	"ta #asperger 
ConoceTEA (ConoCEA): Pregunta"
1422620733872775171	166	169	CEA	"ger 
ConoceTEA (ConoCEA): Preguntas y respu"
1469817867591954441	175	183	rub√©ola‚Ä¶	" de polio, t√©tanos, rub√©ola‚Ä¶
https://t.co/yz9Hza"
1279640599679905792	29	62	lesiones cr√≥nicas por el COVID-19	 evaluarse posibles lesiones cr√≥nicas por el COVID-19                    
1279640599679905792	137	223	Problemas f√≠sicos, neurol√≥gicos y cognitivos: las inesperadas secuelas del coronavirus	"                   
Problemas f√≠sicos, neurol√≥gicos y cognitivos: las inesperadas secuelas del coronavirus en pacientes recupe"
1417942652599812099	70	78	autisimo	"es 
#TEA
#hablemosdeautisimo
#autismo https://t."
1480150243912081412	141	157	neumonia atipica	onias normales y la neumonia atipica2 que es el Sindrome
1460646627090305033	237	245	diabetes	 #diabetesmellitus #diabetest‚Ä¶ https://t.co/5uNp
1494288042953224198	269	277	diabetES	"yMBYoif

#diabetes #diabetESP https://t.co/VYQ4s"
1247891575247519746	54	59	lupus	"
#repost @hablemosdelupus
„Éª„Éª„Éª
El covid19 es u"
1118244868034322432	155	169	WolfHirschhorn	"labraSWH 
#FundacionWolfHirschhorn√ì4p- https://t.co/nJ"
1338542343377575941	248	256	diabetES	" tipo 2:
#diabetes #diabetESP https://t.co/4oE4O"
1426236741883727878	32	37	gripe	s al√©rgica y adem√°s gripe resfriado m√°s algo 
1426236741883727878	38	47	resfriado	gica y adem√°s gripe resfriado m√°s algo de ansieda
1448547876662128642	232	244	piediabetico	"o/z4KktHP0pR #traselpiediabetico


"
1454855779849228289	109	117	diabetes	"s alguna m√°s?
#queladiabetesnotepare #diabetesp "
1422814834949775360	151	159	diabetES	://t.co/2zMaX8zi1x #diabetESP #DM2 https://t.co/
1398314709963657220	101	126	miocardiopat√≠as arritmias	"                   
miocardiopat√≠as arritmias
afectaci√≥n en el si"
1398314709963657220	127	174	afectaci√≥n en el sistema de conducci√≥n cardiaco	"diopat√≠as arritmias
afectaci√≥n en el sistema de conducci√≥n cardiaco
#melas #mitochondri"
1187074237057699841	163	171	infertil	"Fqeüëà
#mifertilidad #infertilpandy #reproducciona"
1289226710508924928	39	51	fibromialgia	"onio #fibromialgia #fibromialgiaevolucion 
En este v"
1289226710508924928	1	13	fibromialgia	#fibromialgiatestimonio #fibromia
1473396913500213252	144	151	covid19	 tres dosis (#vacunacovid19)esta actualmente en
1355727943616528389	116	130	pericarditis ‚ú®	peor√≥. Y lleg√≥ la ‚ú® pericarditis ‚ú®. Y todo termin√≥ de 
1396149133682036738	154	160	dravet	dravetcolombia #curadravet #juntosvivimoseldra
1396149133682036738	177	183	dravet	vet #juntosvivimoseldravet #epilepsia #dravets
1230040474045550592	40	46	cancer	a herpes, al cancer cancer y a la mierda mierd
1230040474045550592	33	39	cancer	le llama herpes, al cancer cancer y a la mierd
1366692420625260546	206	213	COVID19	d√≠as para la #VacunaCOVID19 https://t.co/gI5V3Y
1427298774041468931	115	123	diabetes	"uita nadie. 
.
.
.
#diabetes #diabetestipo1 #viv"
1427298774041468931	124	138	#diabetestipo1	"e. 
.
.
.
#diabetes #diabetestipo1 #vivircondiabetes #"
1427298774041468931	148	156	diabetes	betestipo1 #vivircondiabetes #diabetestipofree #
1381874635608850432	118	129	Sarcoidosis	"spana
#Sarcoidosis
#Sarcoidosisawareness
#Enfermeda"
1440747912292569101	153	162	alzheimer	ALCALA #mueveteporelalzheimer #apoyo #CeroOmision
1348728776449011723	122	129	COVID19	"os!
#COVID19 #VacunaCOVID19 #YoMeProtejoYoTePro"
1494238954207551492	269	277	diabetES	"7Or73JF

#diabetes #diabetESP https://t.co/OVXeL"
1430616898236993544	201	218	c√°ncer infantilüëáüèª	"rapias avanzadas en c√°ncer infantilüëáüèª
https://t.co/ppIHey"
1430616898236993544	271	277	c√°ncer	"rosdonavida
#Ganaralc√°ncer https://t.co/pUNy6W"
1479350855560273920	270	278	diabetES	"fuKu8NS

#diabetes #diabetESP https://t.co/x6BDE"
1481208147507396609	67	74	Burnout	se por el Trabajo ('Burnout') ya est√° considera
1196437686803939330	67	82	diabetes tipo 1	ersonas que tenemos diabetes tipo 1debemos vacunarnos c
1392572974713167874	125	137	Fibromialgia	"DeMayoDiaMundialDeLaFibromialgia 
#NoSomosInvisibles"
1444849998273949700	157	177	trastorno bipolar ‚¨áÔ∏è	"e lo que implica el trastorno bipolar ‚¨áÔ∏è
Comprender sobre en"
1416704822787588097	71	75	asma	ar la #bibliotecadelasma? Hoy leemos a Garc√≠
1392057995996110851	142	149	COVID19	Principal ESPERANZA-COVID19 y uno de los autore
1168532535174823936	104	112	ansiedad	aques de p√°nico, de ansiedad, insomnio, males es
1415482362952101889	115	117	DM	tos, hipertenso y o DM¬† desconocido, malos
1419226781563990016	252	259	autismo	"utism
#estotambienesautismo
#TEA
#autismo https"
1447822845321486344	226	238	piediabetico	"o/VGxjQsNjhx #traselpiediabetico


"
1149370381343567872	100	109	epilepsia	"udemos #crisis #rd #epilepsiamd.
Consultas dispon"
1407020531262570505	110	114	EMSF	e postviral. En la #EMSFC la mayor tasa de m
1142731935476793344	260	266	dravet	d rara  #juntosporeldravet #tuyyo https://t.co
1240281223160832000	106	118	hipertensi√≥n	e 60 a√±os diab√©tica hipertensi√≥n y otras cosas yo pa
1240281223160832000	96	105	diab√©tica	 mam√° tiene 60 a√±os diab√©tica hipertensi√≥n y otra
1104461280713281538	0	13	S√≠ndrome Rett	S√≠ndrome Rett‚úîÔ∏èTrastorno del desa
1104461280713281538	15	60	Trastorno del desarrollo neurol√≥gico infantil	S√≠ndrome Rett‚úîÔ∏èTrastorno del desarrollo neurol√≥gico infantil: evoluci√≥n inicial 
1452969658001285120	43	55	traumatismo‚Ä¶	mor, un derrame, un traumatismo‚Ä¶ El Da√±o Cerebral Ad
1452681303002861570	232	251	Esteatosis hepatica	"l paciente con EII
üîπEsteatosis hepatica. 
Esperamos guste ü§û"
1452681303002861570	91	109	Pancreatitis aguda	" 
üîπDispepsia y SII
üîπPancreatitis aguda 
As√≠ que habr√° una "
1452681303002861570	74	83	Dispepsia	"orragia digestiva 
üîπDispepsia y SII
üîπPancreatitis"
1452681303002861570	51	71	Hemorragia digestiva	"ferencial diarrea 
üîπHemorragia digestiva 
üîπDispepsia y SII
üîπ"
1452681303002861570	227	230	EII	"to del paciente con EII
üîπEsteatosis hepatic"
1452681303002861570	86	89	SII	"stiva 
üîπDispepsia y SII
üîπPancreatitis aguda"
1353006692930375682	86	99	abdomen agudo	 post trauma y otro abdomen agudo Hemorragia Psoas  a
1353006692930375682	100	116	Hemorragia Psoas	 otro abdomen agudo Hemorragia Psoas  a DC apendicitis g
1353006692930375682	172	182	hemophilia	n @HemofiliaRD , @wfhemophilia  necesitamos factor
1134552471156744192	175	191	C√°ncer de pulm√≥n	"tas consecuencias:
‚úÖC√°ncer de pulm√≥n
‚úÖEnfermedades respi"
1134552471156744192	229	242	‚úÖTuberculosis	"piratorias cr√≥nicas
‚úÖTuberculosis
‚úÖContaminaci√≥n del "
1134552471156744192	193	228	Enfermedades respiratorias cr√≥nicas	"
‚úÖC√°ncer de pulm√≥n
‚úÖEnfermedades respiratorias cr√≥nicas
‚úÖTuberculosis
‚úÖCont"
1333848184309886986	58	95	Portadora de v√°lvula mec√°nica a√≥rtica	"edentes:
üîπHTA, DM2
üîπPortadora de v√°lvula mec√°nica a√≥rtica y marcapasos, antic"
1333848184309886986	53	56	DM2	"antecedentes:
üîπHTA, DM2
üîπPortadora de v√°lvu"
1161282844515328004	57	66	epilepsia	udemos #crisis #rd #epilepsiamd en Santo Domingo,
1325970884163678208	107	146	Trastorno Narcisista de la Personalidad	"sonalidad Adictiva.
Trastorno Narcisista de la Personalidad
Trastornos alimenti"
1325970884163678208	50	83	Trastorno de Peter Pan y de Wendy	" de la Personalidad
Trastorno de Peter Pan y de Wendy
Personalidad Adicti"
1325970884163678208	171	205	Trastorno de ansiedad generalizada	"tornos alimenticios
Trastorno de ansiedad generalizada
Un poco de complejo"
1325970884163678208	147	170	Trastornos alimenticios	" de la Personalidad
Trastornos alimenticios
Trastorno de ansied"
1325970884163678208	9	49	Trastorno histrionico de la Personalidad	"Tenemos:
Trastorno histrionico de la Personalidad
Trastorno de Peter "
1241502912423047169	60	65	ictus	ando superar un postictus y ahora el #coronav
1436306089579106307	202	209	Infarto	"iopat√≠a isqu√©mica
‚û§ Infarto
‚û§ Infecci√≥n de las "
1436306089579106307	212	247	Infecci√≥n de las v√≠as respiratorias	"qu√©mica
‚û§ Infarto
‚û§ Infecci√≥n de las v√≠as respiratorias
‚û§ O c√°ncer de pulm√≥"
1436306089579106307	178	199	Cardiopat√≠a isqu√©mica	"os de otras como:
‚û§ Cardiopat√≠a isqu√©mica
‚û§ Infarto
‚û§ Infecci"
1215237073382395904	164	169	fumar	"er #alcohol #dejardefumar
#desintoxicacion #a"
1496534104128561164	7	12	Covid	Vacuna Covid Efectos Secundarios
1309428809180078081	94	116	enfermedades cr√≥nicas‚Äù	"s ensayos no tienen enfermedades cr√≥nicas‚Äù
@mendibe_mar #emred"
1496410500380438528	35	42	autista	 #Autistas #TEA #soyautista #Asperger #autismo 
1494038891078242306	267	275	diabetES	"4QzRmhU

#diabetes #diabetESP https://t.co/9DVsK"
1097956017470615553	99	116	enfermedadesraras	"Raras
#yoinvestigoenenfermedadesraras 
#sinciencianohayfu"
1494118163503583232	267	275	diabetES	"668QQJB

#diabetes #diabetESP https://t.co/UXHyI"
1387173757903638530	271	279	ssjogren	 grandes aliadosüí™@aessjogren https://t.co/xqcBQn
1483770976240377857	225	237	piediabetico	o/RzRrLL2zlF #traselpiediabetico https://t.co/1kDF3B
1450443852037476352	241	253	osteoporosis	" √≥sea. 
Sarcopeniaü§ù osteoporosis. https://t.co/YtOZV"
1450443852037476352	229	239	Sarcopenia	"Ô∏è menos masa √≥sea. 
Sarcopeniaü§ù osteoporosis. http"
1213086581126553600	39	48	depresi√≥n	e el art√≠culo sobre depresi√≥n manias y bipolarida
1213086581126553600	49	55	manias	ulo sobre depresi√≥n manias y bipolaridades de 
1464152978340950017	148	154	COVID‚Ä¶	 tengo el pasaporte COVID‚Ä¶ esto cada vez es de
1422195075539423245	103	108	covid	 mundo laboral post-covid: un lugar mejor d√≥n
1467891848064679936	13	23	Neumon√≠a ü´Å	Manejo de la Neumon√≠a ü´Å en Pacientes Cr√≠tic
1485705904511066113	230	233	NAC	"√≠a de todo TEC, IAM NAC, Sepsis, etc, etc.
"
1485705904511066113	226	229	IAM	 hab√≠a de todo TEC, IAM NAC, Sepsis, etc, e
1353071183785201671	242	249	COVID19	"atope #covid #VacunaCOVID19





"
1487206780786593793	34	39	Gripe	" ‚úÖ
2¬∞ dosis covid ‚úÖ
Gripe ‚úÖ
Tosferina ‚úÖ
Conta"
1487206780786593793	42	51	Tosferina	"sis covid ‚úÖ
Gripe ‚úÖ
Tosferina ‚úÖ
Contacto estrecho"
1487206780786593793	26	31	covid	"is covid ‚úÖ
2¬∞ dosis covid ‚úÖ
Gripe ‚úÖ
Tosferina"
1418602491843801097	141	149	diabetES	://t.co/yaaRXGWI6V #diabetESP #DM2 https://t.co/
1380977244651261958	107	123	fibrosisquistica	de riesgo como EPOC fibrosisquistica  y dem√°s patolog√≠as
1380977244651261958	102	106	EPOC	upos de riesgo como EPOC fibrosisquistica  y
1460246777790148618	146	153	COVID19	"√≥n, gracias.
#VacunaCOVID19 #vacunainfluenza #C"
1193348572907032576	156	165	epilepsia	udemos #crisis #rd #epilepsiamd en Dominican Repu
1484976661313556485	212	224	piediabetico	o/RzRrLL2zlF #traselpiediabetico https://t.co/GjkxD9
1417016588809736192	166	174	diabetES	://t.co/H2ikzasrXt #diabetESP #DM2 https://t.co/
1495012808395739139	269	277	diabetES	"vAu8a9z

#diabetes #diabetESP https://t.co/1P0LC"
1352625853851693057	211	218	covid19	"n del COVID-19
#testcovid19 #pcrcovid19 #testan"
1352625853851693057	223	230	covid19	"19
#testcovid19 #pcrcovid19 #testantigenos http"
1473756479127752708	266	278	piediabetico	o/Y9NUKWbYVI #traselpiediabetico https://t.co/Qyaa98
1431550098094313472	55	62	autista	mpleo con RRHH  #soyautista #autismo #Asperger:
1376175555658256387	222	228	cancer	"üò¢üò¢
#enmarchacontraelcancer Sobre todo #enmarch"
1376175555658256387	267	273	cancer	"haporlospacientesconcancer


"
1496828520416296962	270	278	diabetES	"WBCMLCr

#diabetes #diabetESP https://t.co/aKSfS"
1494699489210384384	261	269	diabetES	"vSdAL7r

#diabetes #diabetESP https://t.co/9zNwp"
1290157342563037184	32	37	covid	todo es covid covid covid siento que me volve
1290157342563037184	20	25	covid	Noooooooooo todo es covid covid covid siento 
1290157342563037184	26	31	covid	ooooo todo es covid covid covid siento que me
1248195990659780608	176	183	COVID19	EnCasa #SaludMentalyCOVID19 https://t.co/HrcgCF
1258709499017338880	162	169	Alergia	"://t.co/89AC9JTMUh
#AlergiayCovid #EsteVirusLoP"
1380088918993989632	258	276	par√°lisis cerebral	mujeres y ni√±as con par√°lisis cerebral . https://t.co/CTuX
1493408481575149568	266	274	diabetES	"bHjfIdL

#diabetes #diabetESP https://t.co/Ff8kQ"
1183115800410017795	211	219	diabetes	"iabetesp #diabetes #diabetesydeporte
#soypersona"
1183115800410017795	190	198	diabetes	" la pierdo, y t√∫?
 #diabetesp #diabetes #diabete"
1410227005560328192	231	234	TCA	ia #vigorexia #delosTCAsesale #recuperacion
1414981417608613891	172	183	estrabismo‚Ä¶	ia, el nistagmo, el estrabismo‚Ä¶ ¬°no te lo pierdas! 
1142482773455900677	165	205	‚Å¶@mautesaravia‚Å©  https://t.co/75FjHKNJBY	"10‚Å© 
‚Å¶@SylviaFojo‚Å© 
‚Å¶@mautesaravia‚Å©  https://t.co/75FjHKNJBY


"
1431327461787197440	153	161	leucemia	"nmil #leucemia
#fuckleucemia
 (equivalen a 16‚Äù d"
1451131575836585993	243	246	VIH	"ompromisos üôå #40a√±osVIH
üîóhttps://t.co/ktCNu"
1092477766434471936	88	141	Carcinomas ( papilar, folicular, medular o anapl√°sico	"cio
Hipertiroidismo
Carcinomas ( papilar, folicular, medular o anapl√°sico)
Tumores neuroendoc"
1092477766434471936	72	87	Hipertiroidismo	"es patolog√≠as
Bocio
Hipertiroidismo
Carcinomas ( papila"
1092477766434471936	66	71	Bocio	"ferentes patolog√≠as
Bocio
Hipertiroidismo
Car"
1454045035620716551	222	227	ictus	mpa√±a de la @frenoalictus apara reducir el im
1492925299796938754	264	272	diabetES	"DB99gX9

#diabetes #diabetESP https://t.co/Zsz1d"
1361277691354357761	126	134	diabetES	"sotros! 
#diabetes #diabetESP #DM2 https://t.co/"
1280936687795712003	144	157	endometriosis	lvianocronico #tengoendometriosis #meduelelaregla #gi
1328770949429276672	238	259	adicci√≥n como alcohol	o sabemos q es otra adicci√≥n como alcohol, drogas, ludopatia 
1328770949429276672	259	267	, drogas	dicci√≥n como alcohol, drogas, ludopatia https://
1436503396639514634	123	139	trastorno mental	% s el resultado d 1trastorno mental no diagnosticado o 
1445320393187811334	132	175	Sepsis nosocomial en el RN de muy bajo peso	"Sepsis vertical 
‚óªÔ∏è Sepsis nosocomial en el RN de muy bajo peso
@HospitalLaFe @H12O"
1445320393187811334	112	127	Sepsis vertical	" #perinatal II:
‚óªÔ∏è #Sepsis vertical 
‚óªÔ∏è Sepsis nosocomi"
1370660910080090113	156	165	longcovid	"mia 
@iacs_aragon  @longcovidaragon @SEMG_ES @Cie"
1093552192802426880	162	168	C√°ncer	"isionesenc√°ncer #RevC√°ncer2019 #oncolog√≠a


"
1093552192802426880	151	157	c√°ncer	c√°ncer #revisionesenc√°ncer #RevC√°ncer2019 #onc
1494159685649412100	270	278	diabetES	"sOsIsaW

#diabetes #diabetESP https://t.co/fGW8l"
1494791230206595075	29	37	asperger	el #diainternacionalasperger con una charla-colo
1237307863900524544	167	170	TEA	"ve y moderado (AOSA-TEA).
#Asperger #Huelva"
1447232152408625167	86	93	otitis‚Ä¶	quitis, faringitis, otitis‚Ä¶) y la princesa de l
1226844665854324737	131	140	epilepsia	udemos #crisis #rd #epilepsiamd en Santo Domingo,
1495167589022113800	266	274	diabetES	"82Re0hQ

#diabetes #diabetESP https://t.co/8vIle"
1385947963478970371	75	79	Asma	 Latinoamericana de Asma Alergia e Inmunolog
1385947963478970371	80	87	Alergia	noamericana de Asma Alergia e Inmunolog√≠a #SLAA
1441085556608290827	242	248	cancer	nvestigaci√≥ncontraelcancer #rabdocors https://
1144534400882712576	217	225	diabetES	"sPxzMLMt
#diabetes #diabetESP #diabetestipo1 htt"
1187029336920088577	133	141	diabetes	"tes
#diabuddies
#condiabetessepuede https://t.co"
1443530817632886786	218	230	piediabetico	"o/8BLIobW1Te
#traselpiediabetico


"
1371158070622044160	175	188	endometriosis	"ü§¶‚Äç‚ôÄÔ∏è
#diamundialdelaendometriosis https://t.co/oZ3AEp"
1438562190706024451	95	104	mucositis	ma induced rash and mucositis). Sobre todo en j√≥v
1156632518587637761	191	219	Enfermedades Neuromusculares	sclerosis m√∫ltiple.üî∏Enfermedades Neuromusculares.üî∏Traumatismos crane
1156632518587637761	170	190	Esclerosis m√∫ltiple.	igra√±a. üî∏Epilepsia.üî∏Esclerosis m√∫ltiple.üî∏Enfermedades Neurom
1156632518587637761	61	70	üî∏Demencia	"a especialidad son:
üî∏Demencia y trastornos cognit"
1156632518587637761	96	122	Enfermedad Cerebrovascular	stornos cognitivos.üî∏Enfermedad Cerebrovascular.üî∏Enfermedad de Park
1156632518587637761	73	95	trastornos cognitivos.	"ad son:
üî∏Demencia y trastornos cognitivos.üî∏Enfermedad Cerebrov"
1378750842434621441	190	193	TEA	"sta y tiene un hijo TEA
Ansiedad en Adultos"
1378750842434621441	194	221	Ansiedad en Adultos con TEA	"y tiene un hijo TEA
Ansiedad en Adultos con TEA https://t.co/Nud0DH"
1494261627042119680	269	277	diabetES	"6KUO2N3

#diabetes #diabetESP https://t.co/ngaZ9"
1194346930312228864	142	152	a√±o renal,	a√±o a los nervios, da√±o renal, da√±o ocular, enferm
1194346930312228864	154	165	a√±o ocular,	rvios, da√±o renal, da√±o ocular, enfermedades de la 
1194346930312228864	122	140	a√±o a los nervios,	 cardiovasculares, da√±o a los nervios, da√±o renal, da√±o oc
1194346930312228864	91	120	nfermedades cardiovasculares,	ones. Entre ellas: enfermedades cardiovasculares, da√±o a los nervios,
1194346930312228864	213	222	epresi√≥n.	"terioro auditivo y depresi√≥n.
Consulte con nuestr"
1194346930312228864	167	190	nfermedades de la piel,	enal, da√±o ocular, enfermedades de la piel, deterioro auditivo 
1194346930312228864	7	15	iabetes 	Si la diabetes no se trata adecuada
1194346930312228864	192	210	eterioro auditivo 	"edades de la piel, deterioro auditivo y depresi√≥n.
Consult"
1418480313655824387	248	255	autismo	"smo
#TEA
#hablemosdeautismo
#Autism 
‚¨áÔ∏è‚¨áÔ∏è‚¨áÔ∏è


"
1487167536810631169	1	9	covid19c	#covid19casos  COVID19 NO ES 
1167965294993772544	39	42	SXF	ndrome del X fr√°gil SXF? El SXF es una enfe
1167965294993772544	17	38	s√≠ndrome del X fr√°gil	¬øSabes qu√© es el s√≠ndrome del X fr√°gil SXF? El SXF es una 
1114182344590667776	131	144	esquizofrenia	"es diagnosticado de esquizofrenia fuma!!!
Pero por qu"
1114182344590667776	145	149	fuma	"do de esquizofrenia fuma!!!
Pero por qu√©??? "
1315668172838776832	268	276	artritis	itis #diamundialdelaartritis https://t.co/czpBCq
